"Longitude (x)","Latitude (y)","Station Name","Climate ID","Date/Time","Year","Month","Day","Data Quality","Max Temp (°C)","Max Temp Flag","Min Temp (°C)","Min Temp Flag","Mean Temp (°C)","Mean Temp Flag","Heat Deg Days (°C)","Heat Deg Days Flag","Cool Deg Days (°C)","Cool Deg Days Flag","Total Rain (mm)","Total Rain Flag","Total Snow (cm)","Total Snow Flag","Total Precip (mm)","Total Precip Flag","Snow on Grnd (cm)","Snow on Grnd Flag","Dir of Max Gust (10s deg)","Dir of Max Gust Flag","Spd of Max Gust (km/h)","Spd of Max Gust Flag"
"-114.01","51.12","CALGARY INTL A","3031092","2017-01-01","2017","01","01","","-7.8","","-17.4","","-12.6","","30.6","","0.0","","0.0","","3.6","","2.0","","12","","1","","46",""
"-114.01","51.12","CALGARY INTL A","3031092","2017-01-02","2017","01","02","","-16.1","","-26.1","","-21.1","","39.1","","0.0","","0.0","","0.0","T","0.0","T","14","","","","<31",""
"-114.01","51.12","CALGARY INTL A","3031092","2017-01-03","2017","01","03","","-15.5","","-22.4","","-19.0","","37.0","","0.0","","0.1","","0.4","","0.3","","14","","","","<31",""
"-114.01","51.12","CALGARY INTL A","3031092","2017-01-04","2017","01","04","","-7.2","","-17.2","","-12.2","","30.2","","0.0","","0.0","","0.0","T","0.0","T","13","","35","","43",""
"-114.01","51.12","CALGARY INTL A","3031092","2017-01-05","2017","01","05","","-3.5","","-15.8","","-9.7","","27.7","","0.0","","0.0","","2.2","","1.2","","13","","","","<31",""
"-114.01","51.12","CALGARY INTL A","3031092","2017-01-06","2017","01","06","","-9.9","","-17.0","","-13.5","","31.5","","0.0","","","M","3.0","","1.6","","15","","","","<31",""
"-114.01","51.12","CALGARY INTL A","3031092","2017-01-07","2017","01","07","","-14.9","","-19.2","","-17.1","","35.1","","0.0","","0.0","","0.4","","0.4","","16","","36","","43",""
"-114.01","51.12","CALGARY INTL A","3031092","2017-01-08","2017","01","08","","-17.4","","-19.8","","-18.6","","36.6","","0.0","","0.0","","0.0","T","0.0","T","16","","19","","37",""
"-114.01","51.12","CALGARY INTL A","3031092","2017-01-09","2017","01","09","","-19.5","","-23.1","","-21.3","","39.3","","0.0","","","M","4.3","","4.2","","20","","35","","37",""
"-114.01","51.12","CALGARY INTL A","3031092","2017-01-10","2017","01","10","","-16.2","","-22.1","","-19.2","","37.2","","0.0","","0.0","","0.4","","0.4","","20","","35","","44",""
"-114.01","51.12","CALGARY INTL A","3031092","2017-01-11","2017","01","11","","-6.0","","-23.1","","-14.6","","32.6","","0.0","","0.0","","0.0","","0.0","","20","","34","","41",""
"-114.01","51.12","CALGARY INTL A","3031092","2017-01-12","2017","01","12","","-2.9","","-20.1","","-11.5","","29.5","","0.0","","0.0","","0.0","T","0.0","T","19","","28","","50",""
"-114.01","51.12","CALGARY INTL A","3031092","2017-01-13","2017","01","13","","-2.6","","-13.4","","-8.0","","26.0","","0.0","","0.0","","0.0","","0.0","","19","","28","","48",""
"-114.01","51.12","CALGARY INTL A","3031092","2017-01-14","2017","01","14","","6.2","","-14.1","","-4.0","","22.0","","0.0","","0.0","","0.0","","0.0","","16","","28","","52",""
"-114.01","51.12","CALGARY INTL A","3031092","2017-01-15","2017","01","15","","7.0","","-1.3","","2.9","","15.1","","0.0","","0.0","","0.0","","0.0","","10","","29","","52",""
"-114.01","51.12","CALGARY INTL A","3031092","2017-01-16","2017","01","16","","9.6","","-6.3","","1.7","","16.3","","0.0","","0.0","","0.0","","0.0","","8","","28","","35",""
"-114.01","51.12","CALGARY INTL A","3031092","2017-01-17","2017","01","17","","10.2","","0.7","","5.5","","12.5","","0.0","","0.0","","0.0","","0.0","","7","","22","","37",""
"-114.01","51.12","CALGARY INTL A","3031092","2017-01-18","2017","01","18","","7.7","E","","M","","M","","M","","M","0.0","","0.0","","0.0","","5","","","","<31",""
"-114.01","51.12","CALGARY INTL A","3031092","2017-01-19","2017","01","19","","9.9","","-0.8","","4.6","","13.4","","0.0","","0.0","","0.0","","0.0","","5","","27","","39",""
"-114.01","51.12","CALGARY INTL A","3031092","2017-01-20","2017","01","20","","5.7","","-7.8","","-1.1","","19.1","","0.0","","0.0","","0.0","","0.0","","5","","","","<31",""
"-114.01","51.12","CALGARY INTL A","3031092","2017-01-21","2017","01","21","","2.1","","-10.3","","-4.1","","22.1","","0.0","","0.0","","0.0","","0.0","","3","","","","<31",""
"-114.01","51.12","CALGARY INTL A","3031092","2017-01-22","2017","01","22","","-3.1","","-6.3","","-4.7","","22.7","","0.0","","0.0","","0.2","","0.2","","3","","","","<31",""
"-114.01","51.12","CALGARY INTL A","3031092","2017-01-23","2017","01","23","","-3.2","","-7.5","","-5.4","","23.4","","0.0","","0.0","","0.0","T","0.0","T","2","","","","<31",""
"-114.01","51.12","CALGARY INTL A","3031092","2017-01-24","2017","01","24","","0.5","","-11.1","","-5.3","","23.3","","0.0","","0.0","","0.0","","0.0","","2","","","","<31",""
"-114.01","51.12","CALGARY INTL A","3031092","2017-01-25","2017","01","25","","1.6","","-7.2","","-2.8","","20.8","","0.0","","0.0","","0.0","","0.0","","1","","","","<31",""
"-114.01","51.12","CALGARY INTL A","3031092","2017-01-26","2017","01","26","","4.8","","-6.9","","-1.1","","19.1","","0.0","","0.0","","0.0","","0.0","","2","","","","<31",""
"-114.01","51.12","CALGARY INTL A","3031092","2017-01-27","2017","01","27","","7.4","","-7.4","","0.0","","18.0","","0.0","","0.0","","0.0","","0.0","","2","","29","","65",""
"-114.01","51.12","CALGARY INTL A","3031092","2017-01-28","2017","01","28","","10.8","","5.8","","8.3","","9.7","","0.0","","0.0","","0.0","","0.0","","2","","28","","69",""
"-114.01","51.12","CALGARY INTL A","3031092","2017-01-29","2017","01","29","","13.0","","4.8","","8.9","","9.1","","0.0","","0.0","","0.0","","0.0","","0","T","27","","74",""
"-114.01","51.12","CALGARY INTL A","3031092","2017-01-30","2017","01","30","","5.3","","-4.7","","0.3","","17.7","","0.0","","0.0","","0.0","","0.0","","0","T","26","","63",""
"-114.01","51.12","CALGARY INTL A","3031092","2017-01-31","2017","01","31","","-4.6","","-12.1","","-8.3","","26.3","","0.0","","0.0","","0.2","","0.2","","0","T","34","","50",""
"-114.01","51.12","CALGARY INTL A","3031092","2017-02-01","2017","02","01","","-7.1","","-11.8","","-9.5","","27.5","","0.0","","0.2","","0.0","","0.2","","0","T","34","","41",""
"-114.01","51.12","CALGARY INTL A","3031092","2017-02-02","2017","02","02","","-6.2","","-14.7","","-10.5","","28.5","","0.0","","0.0","","0.0","","0.0","","0","T","","","<31",""
"-114.01","51.12","CALGARY INTL A","3031092","2017-02-03","2017","02","03","","-11.1","","-18.6","","-14.9","","32.9","","0.0","","0.0","","2.8","","2.8","","0","T","34","","35",""
"-114.01","51.12","CALGARY INTL A","3031092","2017-02-04","2017","02","04","","-14.2","","-17.4","","-15.8","","33.8","","0.0","","","M","3.6","","2.8","","4","","","","<31",""
"-114.01","51.12","CALGARY INTL A","3031092","2017-02-05","2017","02","05","","-16.0","","-19.8","","-17.9","","35.9","","0.0","","0.0","","9.6","","8.4","","8","","","","<31",""
"-114.01","51.12","CALGARY INTL A","3031092","2017-02-06","2017","02","06","","-19.6","","-25.2","","-22.4","","40.4","","0.0","","0.0","","8.6","","7.8","","19","","","","<31",""
"-114.01","51.12","CALGARY INTL A","3031092","2017-02-07","2017","02","07","","-20.9","","-29.6","","-25.3","","43.3","","0.0","","0.0","","0.0","T","0.0","T","23","","","","<31",""
"-114.01","51.12","CALGARY INTL A","3031092","2017-02-08","2017","02","08","","-13.7","","-29.5","","-21.6","","39.6","","0.0","","0.0","","0.0","","0.0","","23","","","","<31",""
"-114.01","51.12","CALGARY INTL A","3031092","2017-02-09","2017","02","09","","-6.9","","-17.3","","-12.1","","30.1","","0.0","","0.0","","0.0","","0.0","","23","","","","<31",""
"-114.01","51.12","CALGARY INTL A","3031092","2017-02-10","2017","02","10","","5.9","","-16.4","","-5.3","","23.3","","0.0","","0.0","","0.0","","0.0","","23","","27","","50",""
"-114.01","51.12","CALGARY INTL A","3031092","2017-02-11","2017","02","11","","2.7","","-8.1","","-2.7","","20.7","","0.0","","0.0","","0.0","","0.0","","20","","33","","70",""
"-114.01","51.12","CALGARY INTL A","3031092","2017-02-12","2017","02","12","","6.3","","-4.2","","1.1","","16.9","","0.0","","0.0","","0.0","","0.0","","15","","28","","65",""
"-114.01","51.12","CALGARY INTL A","3031092","2017-02-13","2017","02","13","","9.2","","2.9","","6.1","","11.9","","0.0","","0.0","","0.0","","0.0","","12","","27","","56",""
"-114.01","51.12","CALGARY INTL A","3031092","2017-02-14","2017","02","14","","12.1","","-3.4","","4.4","","13.6","","0.0","","0.0","","0.0","","0.0","","10","","","","<31",""
"-114.01","51.12","CALGARY INTL A","3031092","2017-02-15","2017","02","15","","16.4","","-2.3","","7.1","","10.9","","0.0","","0.0","","0.0","","0.0","","6","","30","","43",""
"-114.01","51.12","CALGARY INTL A","3031092","2017-02-16","2017","02","16","","15.0","","-0.4","","7.3","","10.7","","0.0","","0.0","","0.0","","0.0","","4","","29","","63",""
"-114.01","51.12","CALGARY INTL A","3031092","2017-02-17","2017","02","17","","9.9","","-1.9","","4.0","","14.0","","0.0","","0.0","","0.0","","0.0","","0","T","27","","44",""
"-114.01","51.12","CALGARY INTL A","3031092","2017-02-18","2017","02","18","","1.7","","-5.4","","-1.9","","19.9","","0.0","","0.0","","3.6","","2.4","","0","T","","","<31",""
"-114.01","51.12","CALGARY INTL A","3031092","2017-02-19","2017","02","19","","1.4","","-4.0","","-1.3","","19.3","","0.0","","0.0","","0.0","","0.0","","3","","","","<31",""
"-114.01","51.12","CALGARY INTL A","3031092","2017-02-20","2017","02","20","","0.8","","-7.1","","-3.2","","21.2","","0.0","","0.0","","0.0","","0.0","","0","T","","","<31",""
"-114.01","51.12","CALGARY INTL A","3031092","2017-02-21","2017","02","21","","1.6","E","","M","","M","","M","","M","0.0","","0.0","T","0.0","T","0","T","","","<31",""
"-114.01","51.12","CALGARY INTL A","3031092","2017-02-22","2017","02","22","","-1.3","","-6.2","","-3.8","","21.8","","0.0","","0.0","","0.8","","0.8","","0","T","34","","50",""
"-114.01","51.12","CALGARY INTL A","3031092","2017-02-23","2017","02","23","","-2.4","","-8.0","","-5.2","","23.2","","0.0","","0.0","","0.2","","0.2","","0","T","","","<31",""
"-114.01","51.12","CALGARY INTL A","3031092","2017-02-24","2017","02","24","","-5.9","","-11.0","","-8.5","","26.5","","0.0","","0.0","","4.0","","3.6","","0","T","2","","32",""
"-114.01","51.12","CALGARY INTL A","3031092","2017-02-25","2017","02","25","","-3.1","","-10.5","","-6.8","","24.8","","0.0","","0.0","","1.2","","1.0","","4","","1","","35",""
"-114.01","51.12","CALGARY INTL A","3031092","2017-02-26","2017","02","26","","-5.9","","-13.5","","-9.7","","27.7","","0.0","","0.0","","1.4","","0.8","","5","","36","","46",""
"-114.01","51.12","CALGARY INTL A","3031092","2017-02-27","2017","02","27","","-8.6","","-17.2","","-12.9","","30.9","","0.0","","0.0","","0.0","T","0.0","T","","","","","<31",""
"-114.01","51.12","CALGARY INTL A","3031092","2017-02-28","2017","02","28","","-5.9","","-13.9","","-9.9","","27.9","","0.0","","0.0","","0.0","","0.0","","4","","","","<31",""
"-114.01","51.12","CALGARY INTL A","3031092","2017-03-01","2017","03","01","","0.7","","-12.7","","-6.0","","24.0","","0.0","","0.0","","0.0","T","0.0","T","4","","3","","39",""
"-114.01","51.12","CALGARY INTL A","3031092","2017-03-02","2017","03","02","","2.5","","-11.7","","-4.6","","22.6","","0.0","","0.0","","0.0","","0.0","","2","","","","<31",""
"-114.01","51.12","CALGARY INTL A","3031092","2017-03-03","2017","03","03","","9.6","","-5.9","","1.9","","16.1","","0.0","","0.0","","0.0","","0.0","","2","","23","","54",""
"-114.01","51.12","CALGARY INTL A","3031092","2017-03-04","2017","03","04","","-3.5","","-12.3","","-7.9","","25.9","","0.0","","0.0","","0.0","T","0.0","T","0","T","1","","48",""
"-114.01","51.12","CALGARY INTL A","3031092","2017-03-05","2017","03","05","","-9.9","","-13.4","","-11.7","","29.7","","0.0","","0.0","","2.4","","2.2","","0","T","","","<31",""
"-114.01","51.12","CALGARY INTL A","3031092","2017-03-06","2017","03","06","","-9.8","","-14.6","","-12.2","","30.2","","0.0","","0.0","","0.2","","0.2","","2","","","","<31",""
"-114.01","51.12","CALGARY INTL A","3031092","2017-03-07","2017","03","07","","-9.8","","-16.2","","-13.0","","31.0","","0.0","","0.0","","0.0","T","0.0","T","2","","35","","33",""
"-114.01","51.12","CALGARY INTL A","3031092","2017-03-08","2017","03","08","","-13.8","","-20.2","","-17.0","","35.0","","0.0","","0.0","","6.1","","5.5","","7","","2","","32",""
"-114.01","51.12","CALGARY INTL A","3031092","2017-03-09","2017","03","09","","-17.2","","-22.4","","-19.8","","37.8","","0.0","","0.0","","2.6","","2.0","","6","","16","","32",""
"-114.01","51.12","CALGARY INTL A","3031092","2017-03-10","2017","03","10","","-16.9","","-20.3","","-18.6","","36.6","","0.0","","0.0","","3.1","","2.3","","9","","","","<31",""
"-114.01","51.12","CALGARY INTL A","3031092","2017-03-11","2017","03","11","","-15.1","","-20.3","","-17.7","","35.7","","0.0","","0.0","","1.0","","0.8","","8","","15","","32",""
"-114.01","51.12","CALGARY INTL A","3031092","2017-03-12","2017","03","12","","-12.3","","-19.2","","-15.8","","33.8","","0.0","","0.0","","0.0","T","0.0","T","9","","15","","39",""
"-114.01","51.12","CALGARY INTL A","3031092","2017-03-13","2017","03","13","","9.3","","-16.4","","-3.6","","21.6","","0.0","","0.0","","0.0","T","0.0","T","9","","29","","39",""
"-114.01","51.12","CALGARY INTL A","3031092","2017-03-14","2017","03","14","","9.2","","-0.8","","4.2","","13.8","","0.0","","0.0","","0.0","","0.0","","7","","14","","37",""
"-114.01","51.12","CALGARY INTL A","3031092","2017-03-15","2017","03","15","","14.5","","-2.2","","6.2","","11.8","","0.0","","0.0","","0.0","","0.0","","3","","36","","46",""
"-114.01","51.12","CALGARY INTL A","3031092","2017-03-16","2017","03","16","","9.5","","-1.4","","4.1","","13.9","","0.0","","0.0","","1.3","","1.0","","0","T","35","","56",""
"-114.01","51.12","CALGARY INTL A","3031092","2017-03-17","2017","03","17","","6.2","","-4.8","","0.7","","17.3","","0.0","","0.0","","0.0","","0.0","","0","T","16","","39",""
"-114.01","51.12","CALGARY INTL A","3031092","2017-03-18","2017","03","18","","15.4","","-3.5","","6.0","","12.0","","0.0","","0.6","","0.0","","0.6","","0","T","28","","83",""
"-114.01","51.12","CALGARY INTL A","3031092","2017-03-19","2017","03","19","","4.5","","-5.1","","-0.3","","18.3","","0.0","","0.0","","0.0","","0.0","","","","28","","57",""
"-114.01","51.12","CALGARY INTL A","3031092","2017-03-20","2017","03","20","","1.2","","-7.0","","-2.9","","20.9","","0.0","","0.0","","0.0","","0.0","","","","2","","35",""
"-114.01","51.12","CALGARY INTL A","3031092","2017-03-21","2017","03","21","","5.8","","-4.5","","0.7","","17.3","","0.0","","0.0","T","0.0","","0.0","T","","","19","","61",""
"-114.01","51.12","CALGARY INTL A","3031092","2017-03-22","2017","03","22","","14.0","","-1.1","","6.5","","11.5","","0.0","","1.4","","0.0","","1.4","","","","27","","46",""
"-114.01","51.12","CALGARY INTL A","3031092","2017-03-23","2017","03","23","","10.9","","-1.8","","4.6","","13.4","","0.0","","0.2","","0.0","","0.2","","","","27","","54",""
"-114.01","51.12","CALGARY INTL A","3031092","2017-03-24","2017","03","24","","13.9","","-3.6","","5.2","","12.8","","0.0","","0.0","","0.0","","0.0","","","","16","","44",""
"-114.01","51.12","CALGARY INTL A","3031092","2017-03-25","2017","03","25","","12.3","","-0.2","","6.1","","11.9","","0.0","","0.0","","0.0","","0.0","","","","25","","44",""
"-114.01","51.12","CALGARY INTL A","3031092","2017-03-26","2017","03","26","","10.3","","-4.6","","2.9","","15.1","","0.0","","0.0","","0.0","","0.0","","","","28","","41",""
"-114.01","51.12","CALGARY INTL A","3031092","2017-03-27","2017","03","27","","12.3","","0.8","","6.6","","11.4","","0.0","","0.0","T","0.0","","0.0","T","","","23","","37",""
"-114.01","51.12","CALGARY INTL A","3031092","2017-03-28","2017","03","28","","11.6","","-2.2","","4.7","","13.3","","0.0","","0.0","","0.0","","0.0","","","","29","","43",""
"-114.01","51.12","CALGARY INTL A","3031092","2017-03-29","2017","03","29","","11.3","","-1.4","","5.0","","13.0","","0.0","","0.0","","0.0","","0.0","","","","16","","41",""
"-114.01","51.12","CALGARY INTL A","3031092","2017-03-30","2017","03","30","","11.6","","-2.1","","4.8","","13.2","","0.0","","0.0","","0.0","","0.0","","","","34","","52",""
"-114.01","51.12","CALGARY INTL A","3031092","2017-03-31","2017","03","31","","14.6","","-2.5","","6.1","","11.9","","0.0","","0.0","","0.0","","0.0","","","","17","","43",""
"-114.01","51.12","CALGARY INTL A","3031092","2017-04-01","2017","04","01","","15.6","","-0.7","","7.5","","10.5","","0.0","","0.2","","0.0","","0.2","","","","29","","67",""
"-114.01","51.12","CALGARY INTL A","3031092","2017-04-02","2017","04","02","","3.7","","-2.0","","0.9","","17.1","","0.0","","0.0","","7.2","","7.2","","5","","33","","46",""
"-114.01","51.12","CALGARY INTL A","3031092","2017-04-03","2017","04","03","","7.6","","-3.5","","2.1","","15.9","","0.0","","0.0","","0.0","","0.0","","3","","33","","50",""
"-114.01","51.12","CALGARY INTL A","3031092","2017-04-04","2017","04","04","","11.4","","-6.6","","2.4","","15.6","","0.0","","0.0","","0.0","","0.0","","0","T","20","","37",""
"-114.01","51.12","CALGARY INTL A","3031092","2017-04-05","2017","04","05","","16.7","","-3.0","","6.9","","11.1","","0.0","","0.0","","0.0","","0.0","","","","","","<31",""
"-114.01","51.12","CALGARY INTL A","3031092","2017-04-06","2017","04","06","","18.0","","5.0","","11.5","","6.5","","0.0","","0.0","","0.0","","0.0","","","","21","","54",""
"-114.01","51.12","CALGARY INTL A","3031092","2017-04-07","2017","04","07","","10.3","","-2.4","","4.0","","14.0","","0.0","","11.8","","0.0","","11.8","","","","","","<31",""
"-114.01","51.12","CALGARY INTL A","3031092","2017-04-08","2017","04","08","","12.3","","2.4","","7.4","","10.6","","0.0","","0.0","","0.0","","0.2","","","","28","","41",""
"-114.01","51.12","CALGARY INTL A","3031092","2017-04-09","2017","04","09","","7.7","","1.4","","4.6","","13.4","","0.0","","0.8","","0.0","","0.8","","","","16","","35",""
"-114.01","51.12","CALGARY INTL A","3031092","2017-04-10","2017","04","10","","11.5","","-2.6","","4.5","","13.5","","0.0","","0.0","T","0.0","","0.0","T","","","34","","46",""
"-114.01","51.12","CALGARY INTL A","3031092","2017-04-11","2017","04","11","","9.9","","-0.3","","4.8","","13.2","","0.0","","0.0","T","0.0","","0.0","T","0","T","31","","46",""
"-114.01","51.12","CALGARY INTL A","3031092","2017-04-12","2017","04","12","","7.0","","-1.1","","3.0","","15.0","","0.0","","0.4","","0.0","","0.4","","0","T","8","","43",""
"-114.01","51.12","CALGARY INTL A","3031092","2017-04-13","2017","04","13","","3.8","","0.2","","2.0","","16.0","","0.0","","12.1","","2.4","","14.5","","2","","10","","39",""
"-114.01","51.12","CALGARY INTL A","3031092","2017-04-14","2017","04","14","","11.3","","-0.1","","5.6","","12.4","","0.0","","0.0","","0.0","","0.0","","","","33","","50",""
"-114.01","51.12","CALGARY INTL A","3031092","2017-04-15","2017","04","15","","3.9","","-3.4","","0.3","","17.7","","0.0","","0.0","","1.2","","1.2","","0","T","33","","44",""
"-114.01","51.12","CALGARY INTL A","3031092","2017-04-16","2017","04","16","","8.6","","-5.5","","1.6","","16.4","","0.0","","0.0","","0.0","","0.0","","0","T","15","","50",""
"-114.01","51.12","CALGARY INTL A","3031092","2017-04-17","2017","04","17","","11.6","","-1.4","","5.1","","12.9","","0.0","","0.0","T","0.0","","0.0","T","","","9","","37",""
"-114.01","51.12","CALGARY INTL A","3031092","2017-04-18","2017","04","18","","14.4","","0.8","","7.6","","10.4","","0.0","","0.4","","0.0","","0.4","","","","0","","50",""
"-114.01","51.12","CALGARY INTL A","3031092","2017-04-19","2017","04","19","","13.8","","1.6","","7.7","","10.3","","0.0","","4.0","","0.0","","4.0","","","","14","","41",""
"-114.01","51.12","CALGARY INTL A","3031092","2017-04-20","2017","04","20","","15.2","","0.9","","8.1","","9.9","","0.0","","0.2","","0.0","","0.2","","","","32","","44",""
"-114.01","51.12","CALGARY INTL A","3031092","2017-04-21","2017","04","21","","10.7","","2.6","","6.7","","11.3","","0.0","","0.4","","0.0","","0.4","","","","35","","43",""
"-114.01","51.12","CALGARY INTL A","3031092","2017-04-22","2017","04","22","","12.6","","-1.4","","5.6","","12.4","","0.0","","7.2","","0.0","","7.2","","","","8","","44",""
"-114.01","51.12","CALGARY INTL A","3031092","2017-04-23","2017","04","23","","10.9","","1.2","","6.1","","11.9","","0.0","","3.2","","0.0","","3.2","","","","13","","37",""
"-114.01","51.12","CALGARY INTL A","3031092","2017-04-24","2017","04","24","","4.5","","-0.1","","2.2","","15.8","","0.0","","4.2","","0.0","","4.2","","0","T","5","","32",""
"-114.01","51.12","CALGARY INTL A","3031092","2017-04-25","2017","04","25","","1.2","","-2.4","","-0.6","","18.6","","0.0","","","M","5.2","","9.0","","3","","35","","35",""
"-114.01","51.12","CALGARY INTL A","3031092","2017-04-26","2017","04","26","","3.6","","-3.0","","0.3","","17.7","","0.0","","0.0","","0.0","T","0.0","T","1","","","","<31",""
"-114.01","51.12","CALGARY INTL A","3031092","2017-04-27","2017","04","27","","8.5","","0.7","","4.6","","13.4","","0.0","","0.0","","0.4","","0.4","","","","6","","35",""
"-114.01","51.12","CALGARY INTL A","3031092","2017-04-28","2017","04","28","","9.7","","0.0","","4.9","","13.1","","0.0","","0.0","","0.2","","0.2","","0","T","35","","41",""
"-114.01","51.12","CALGARY INTL A","3031092","2017-04-29","2017","04","29","","13.5","","1.5","","7.5","","10.5","","0.0","","0.0","T","0.0","","0.0","T","","","20","","39",""
"-114.01","51.12","CALGARY INTL A","3031092","2017-04-30","2017","04","30","","14.2","","4.0","","9.1","","8.9","","0.0","","1.8","","0.0","","1.8","","","","34","","67",""
"-114.01","51.12","CALGARY INTL A","3031092","2017-05-01","2017","05","01","","13.0","","1.3","","7.2","","10.8","","0.0","","0.0","T","0.0","","0.0","T","","","33","","37",""
"-114.01","51.12","CALGARY INTL A","3031092","2017-05-02","2017","05","02","","12.5","","2.0","","7.3","","10.7","","0.0","","0.0","T","0.0","","0.0","T","","","35","","52",""
"-114.01","51.12","CALGARY INTL A","3031092","2017-05-03","2017","05","03","","21.3","","-0.1","","10.6","","7.4","","0.0","","0.0","","0.0","","0.0","","","","27","","43",""
"-114.01","51.12","CALGARY INTL A","3031092","2017-05-04","2017","05","04","","24.0","","9.3","","16.7","","1.3","","0.0","","0.0","","0.0","","0.0","","","","29","","52",""
"-114.01","51.12","CALGARY INTL A","3031092","2017-05-05","2017","05","05","","25.4","","6.8","","16.1","","1.9","","0.0","","0.0","","0.0","","0.0","","","","19","","48",""
"-114.01","51.12","CALGARY INTL A","3031092","2017-05-06","2017","05","06","","24.2","","8.2","","16.2","","1.8","","0.0","","0.0","","0.0","","0.0","","","","34","","54",""
"-114.01","51.12","CALGARY INTL A","3031092","2017-05-07","2017","05","07","","11.1","E","3.7","E","7.4","E","10.6","E","0.0","E","0.0","T","0.0","","0.0","T","","","34","","52",""
"-114.01","51.12","CALGARY INTL A","3031092","2017-05-08","2017","05","08","","17.0","","2.4","","9.7","","8.3","","0.0","","0.0","","0.0","","0.0","","","","27","","37",""
"-114.01","51.12","CALGARY INTL A","3031092","2017-05-09","2017","05","09","","15.9","","8.5","","12.2","","5.8","","0.0","","0.2","","0.0","","0.2","","","","33","","41",""
"-114.01","51.12","CALGARY INTL A","3031092","2017-05-10","2017","05","10","","21.0","","5.8","","13.4","","4.6","","0.0","","0.0","","0.0","","0.0","","","","","","<31",""
"-114.01","51.12","CALGARY INTL A","3031092","2017-05-11","2017","05","11","","22.8","","5.0","","13.9","","4.1","","0.0","","1.6","","0.0","","1.6","","","","21","","52",""
"-114.01","51.12","CALGARY INTL A","3031092","2017-05-12","2017","05","12","","19.7","","9.3","","14.5","","3.5","","0.0","","2.0","","0.0","","2.0","","","","14","","48",""
"-114.01","51.12","CALGARY INTL A","3031092","2017-05-13","2017","05","13","","16.3","","5.1","","10.7","","7.3","","0.0","","2.2","","0.0","","2.2","","","","2","","50",""
"-114.01","51.12","CALGARY INTL A","3031092","2017-05-14","2017","05","14","","12.9","","3.2","","8.1","","9.9","","0.0","","2.0","","0.0","","2.0","","","","2","","39",""
"-114.01","51.12","CALGARY INTL A","3031092","2017-05-15","2017","05","15","","14.7","E","","M","","M","","M","","M","0.0","","0.0","","0.0","","","","6","","50",""
"-114.01","51.12","CALGARY INTL A","3031092","2017-05-16","2017","05","16","","13.1","","-0.6","","6.3","","11.7","","0.0","","0.0","T","0.0","","0.0","T","","","9","","50",""
"-114.01","51.12","CALGARY INTL A","3031092","2017-05-17","2017","05","17","","7.2","","3.3","","5.3","","12.7","","0.0","","6.4","","0.0","","6.4","","","","5","","44",""
"-114.01","51.12","CALGARY INTL A","3031092","2017-05-18","2017","05","18","","16.3","","1.0","","8.7","","9.3","","0.0","","0.0","T","0.0","","0.0","T","","","21","","48",""
"-114.01","51.12","CALGARY INTL A","3031092","2017-05-19","2017","05","19","","18.6","","2.9","","10.8","","7.2","","0.0","","0.6","","0.0","","0.6","","","","27","","43",""
"-114.01","51.12","CALGARY INTL A","3031092","2017-05-20","2017","05","20","","20.2","","5.1","","12.7","","5.3","","0.0","","0.0","","0.0","","0.0","","","","35","","37",""
"-114.01","51.12","CALGARY INTL A","3031092","2017-05-21","2017","05","21","","23.0","","5.2","","14.1","","3.9","","0.0","","0.0","","0.0","","0.0","","","","32","","52",""
"-114.01","51.12","CALGARY INTL A","3031092","2017-05-22","2017","05","22","","24.7","","10.6","","17.7","","0.3","","0.0","","0.0","","0.0","","0.0","","","","15","","43",""
"-114.01","51.12","CALGARY INTL A","3031092","2017-05-23","2017","05","23","","28.4","","11.8","","20.1","","0.0","","2.1","","0.0","","0.0","","0.0","","","","23","","41",""
"-114.01","51.12","CALGARY INTL A","3031092","2017-05-24","2017","05","24","","12.8","E","","M","","M","","M","","M","22.1","","0.0","","22.1","","","","34","","95",""
"-114.01","51.12","CALGARY INTL A","3031092","2017-05-25","2017","05","25","","13.3","","7.4","","10.4","","7.6","","0.0","","1.0","","0.0","","1.0","","","","35","","74",""
"-114.01","51.12","CALGARY INTL A","3031092","2017-05-26","2017","05","26","","20.0","","2.6","","11.3","","6.7","","0.0","","0.0","","0.0","","0.0","","","","32","","39",""
"-114.01","51.12","CALGARY INTL A","3031092","2017-05-27","2017","05","27","","25.1","","12.1","","18.6","","0.0","","0.6","","0.0","T","0.0","","0.0","T","","","32","","59",""
"-114.01","51.12","CALGARY INTL A","3031092","2017-05-28","2017","05","28","","21.5","","8.6","","15.1","","2.9","","0.0","","0.0","","0.0","","0.0","","","","","","<31",""
"-114.01","51.12","CALGARY INTL A","3031092","2017-05-29","2017","05","29","","23.3","","8.0","","15.7","","2.3","","0.0","","0.0","","0.0","","0.0","","","","19","","41",""
"-114.01","51.12","CALGARY INTL A","3031092","2017-05-30","2017","05","30","","26.0","","8.7","","17.4","","0.6","","0.0","","0.0","","0.0","","0.0","","","","15","","39",""
"-114.01","51.12","CALGARY INTL A","3031092","2017-05-31","2017","05","31","","28.6","","11.1","","19.9","","0.0","","1.9","","0.0","T","0.0","","0.0","T","","","28","","50",""
"-114.01","51.12","CALGARY INTL A","3031092","2017-06-01","2017","06","01","","23.6","","12.3","","18.0","","0.0","","0.0","","0.4","","0.0","","0.4","","","","31","","37",""
"-114.01","51.12","CALGARY INTL A","3031092","2017-06-02","2017","06","02","","21.7","","11.8","","16.8","","1.2","","0.0","","0.0","T","0.0","","0.0","T","","","29","","70",""
"-114.01","51.12","CALGARY INTL A","3031092","2017-06-03","2017","06","03","","26.4","","6.6","","16.5","","1.5","","0.0","","0.0","","0.0","","0.0","","","","15","","43",""
"-114.01","51.12","CALGARY INTL A","3031092","2017-06-04","2017","06","04","","23.5","","10.5","","17.0","","1.0","","0.0","","1.8","","0.0","","1.8","","","","35","","67",""
"-114.01","51.12","CALGARY INTL A","3031092","2017-06-05","2017","06","05","","19.4","E","","M","","M","","M","","M","0.8","","0.0","","0.8","","","","34","","50",""
"-114.01","51.12","CALGARY INTL A","3031092","2017-06-06","2017","06","06","","23.1","","6.7","","14.9","","3.1","","0.0","","0.0","","0.0","","0.0","","","","16","","56",""
"-114.01","51.12","CALGARY INTL A","3031092","2017-06-07","2017","06","07","","26.4","","8.2","","17.3","","0.7","","0.0","","0.0","","0.0","","0.0","","","","12","","46",""
"-114.01","51.12","CALGARY INTL A","3031092","2017-06-08","2017","06","08","","26.7","","13.2","","20.0","","0.0","","2.0","","13.2","","0.0","","13.2","","","","23","","93",""
"-114.01","51.12","CALGARY INTL A","3031092","2017-06-09","2017","06","09","","20.3","","8.7","","14.5","","3.5","","0.0","","4.6","","0.0","","4.6","","","","4","","59",""
"-114.01","51.12","CALGARY INTL A","3031092","2017-06-10","2017","06","10","","11.3","","4.9","","8.1","","9.9","","0.0","","13.0","","0.0","","13.0","","","","28","","65",""
"-114.01","51.12","CALGARY INTL A","3031092","2017-06-11","2017","06","11","","20.7","","8.3","","14.5","","3.5","","0.0","","0.0","","0.0","","0.0","","","","27","","48",""
"-114.01","51.12","CALGARY INTL A","3031092","2017-06-12","2017","06","12","","23.3","E","7.7","E","15.5","E","2.5","E","0.0","E","0.0","","0.0","","0.0","","","","15","","52",""
"-114.01","51.12","CALGARY INTL A","3031092","2017-06-13","2017","06","13","","18.1","E","","M","","M","","M","","M","1.2","","0.0","","1.2","","","","35","","54",""
"-114.01","51.12","CALGARY INTL A","3031092","2017-06-14","2017","06","14","","17.3","","10.0","","13.7","","4.3","","0.0","","3.0","","0.0","","3.0","","","","34","","37",""
"-114.01","51.12","CALGARY INTL A","3031092","2017-06-15","2017","06","15","","19.6","","4.5","","12.1","","5.9","","0.0","","0.0","","0.0","","0.0","","","","9","","39",""
"-114.01","51.12","CALGARY INTL A","3031092","2017-06-16","2017","06","16","","21.2","","9.1","","15.2","","2.8","","0.0","","1.4","","0.0","","1.4","","","","36","","56",""
"-114.01","51.12","CALGARY INTL A","3031092","2017-06-17","2017","06","17","","19.6","","10.1","","14.9","","3.1","","0.0","","0.4","","0.0","","0.4","","","","33","","37",""
"-114.01","51.12","CALGARY INTL A","3031092","2017-06-18","2017","06","18","","21.6","","9.6","","15.6","","2.4","","0.0","","0.0","","0.0","","0.0","","","","26","","57",""
"-114.01","51.12","CALGARY INTL A","3031092","2017-06-19","2017","06","19","","21.3","","8.0","","14.7","","3.3","","0.0","","0.0","","0.0","","0.0","","","","28","","43",""
"-114.01","51.12","CALGARY INTL A","3031092","2017-06-20","2017","06","20","","26.8","","11.0","","18.9","","0.0","","0.9","","0.0","T","0.0","","0.0","T","","","1","","78",""
"-114.01","51.12","CALGARY INTL A","3031092","2017-06-21","2017","06","21","","20.3","","7.2","","13.8","","4.2","","0.0","","0.2","","0.0","","0.2","","","","29","","70",""
"-114.01","51.12","CALGARY INTL A","3031092","2017-06-22","2017","06","22","","16.9","","6.9","","11.9","","6.1","","0.0","","0.3","","0.0","","0.3","","","","34","","59",""
"-114.01","51.12","CALGARY INTL A","3031092","2017-06-23","2017","06","23","","20.2","","9.0","","14.6","","3.4","","0.0","","1.2","","0.0","","1.2","","","","35","","41",""
"-114.01","51.12","CALGARY INTL A","3031092","2017-06-24","2017","06","24","","21.3","","8.7","","15.0","","3.0","","0.0","","0.0","","0.0","","0.0","","","","","","<31",""
"-114.01","51.12","CALGARY INTL A","3031092","2017-06-25","2017","06","25","","26.4","","9.8","","18.1","","0.0","","0.1","","0.0","","0.0","","0.0","","","","13","","46",""
"-114.01","51.12","CALGARY INTL A","3031092","2017-06-26","2017","06","26","","32.1","","12.6","","22.4","","0.0","","4.4","","0.0","T","0.0","","0.0","T","","","28","","70",""
"-114.01","51.12","CALGARY INTL A","3031092","2017-06-27","2017","06","27","","21.8","","11.8","","16.8","","1.2","","0.0","","0.0","","0.0","","0.0","","","","34","","61",""
"-114.01","51.12","CALGARY INTL A","3031092","2017-06-28","2017","06","28","","20.0","","8.3","","14.2","","3.8","","0.0","","0.0","T","0.0","","0.0","T","","","35","","59",""
"-114.01","51.12","CALGARY INTL A","3031092","2017-06-29","2017","06","29","","22.7","","10.8","","16.8","","1.2","","0.0","","0.0","","0.0","","0.0","","","","32","","32",""
"-114.01","51.12","CALGARY INTL A","3031092","2017-06-30","2017","06","30","","27.5","","10.8","","19.2","","0.0","","1.2","","0.0","","0.0","","0.0","","","","","","<31",""
"-114.01","51.12","CALGARY INTL A","3031092","2017-07-01","2017","07","01","","27.4","","13.8","","20.6","","0.0","","2.6","","2.0","","0.0","","2.0","","","","36","","52",""
"-114.01","51.12","CALGARY INTL A","3031092","2017-07-02","2017","07","02","","28.7","","11.3","","20.0","","0.0","","2.0","","0.0","","0.0","","0.0","","","","11","","41",""
"-114.01","51.12","CALGARY INTL A","3031092","2017-07-03","2017","07","03","","24.5","","12.9","","18.7","","0.0","","0.7","","0.0","","0.0","","0.0","","","","36","","61",""
"-114.01","51.12","CALGARY INTL A","3031092","2017-07-04","2017","07","04","","27.7","","9.9","","18.8","","0.0","","0.8","","0.0","","0.0","","0.0","","","","15","","44",""
"-114.01","51.12","CALGARY INTL A","3031092","2017-07-05","2017","07","05","","26.6","","12.5","","19.6","","0.0","","1.6","","0.0","","0.0","","0.0","","","","34","","48",""
"-114.01","51.12","CALGARY INTL A","3031092","2017-07-06","2017","07","06","","30.0","","11.5","","20.8","","0.0","","2.8","","0.0","","0.0","","0.0","","","","10","","33",""
"-114.01","51.12","CALGARY INTL A","3031092","2017-07-07","2017","07","07","","33.0","","12.4","","22.7","","0.0","","4.7","","0.0","","0.0","","0.0","","","","15","","46",""
"-114.01","51.12","CALGARY INTL A","3031092","2017-07-08","2017","07","08","","28.5","","16.6","","22.6","","0.0","","4.6","","0.0","","0.0","","0.0","","","","34","","43",""
"-114.01","51.12","CALGARY INTL A","3031092","2017-07-09","2017","07","09","","31.1","","16.9","","24.0","","0.0","","6.0","","0.0","","0.0","","0.0","","","","0","","56",""
"-114.01","51.12","CALGARY INTL A","3031092","2017-07-10","2017","07","10","","21.6","","12.9","","17.3","","0.7","","0.0","","7.2","","0.0","","7.2","","","","31","","44",""
"-114.01","51.12","CALGARY INTL A","3031092","2017-07-11","2017","07","11","","18.1","","12.2","","15.2","","2.8","","0.0","","41.7","","0.0","","41.7","","","","34","","39",""
"-114.01","51.12","CALGARY INTL A","3031092","2017-07-12","2017","07","12","","25.1","","10.0","","17.6","","0.4","","0.0","","0.0","","0.0","","0.0","","","","16","","41",""
"-114.01","51.12","CALGARY INTL A","3031092","2017-07-13","2017","07","13","","30.4","","11.6","","21.0","","0.0","","3.0","","0.0","","0.0","","0.0","","","","18","","37",""
"-114.01","51.12","CALGARY INTL A","3031092","2017-07-14","2017","07","14","","27.5","","11.5","","19.5","","0.0","","1.5","","0.0","","0.0","","0.0","","","","35","","44",""
"-114.01","51.12","CALGARY INTL A","3031092","2017-07-15","2017","07","15","","31.1","","12.8","","22.0","","0.0","","4.0","","0.0","","0.0","","0.0","","","","21","","61",""
"-114.01","51.12","CALGARY INTL A","3031092","2017-07-16","2017","07","16","","22.1","E","","M","","M","","M","","M","","M","","M","1.6","E","","","","M","","M"
"-114.01","51.12","CALGARY INTL A","3031092","2017-07-17","2017","07","17","","20.3","E","","M","","M","","M","","M","","M","","M","0.0","","","","","M","","M"
"-114.01","51.12","CALGARY INTL A","3031092","2017-07-18","2017","07","18","","23.4","","8.2","","15.8","","2.2","","0.0","","0.0","","0.0","","0.0","","","","9","","32",""
"-114.01","51.12","CALGARY INTL A","3031092","2017-07-19","2017","07","19","","26.2","","7.5","","16.9","","1.1","","0.0","","0.0","","0.0","","0.0","","","","15","","32",""
"-114.01","51.12","CALGARY INTL A","3031092","2017-07-20","2017","07","20","","28.3","","9.1","","18.7","","0.0","","0.7","","2.0","","0.0","","2.0","","","","23","","54",""
"-114.01","51.12","CALGARY INTL A","3031092","2017-07-21","2017","07","21","","21.9","","12.9","","17.4","","0.6","","0.0","","0.0","","0.0","","0.0","","","","35","","59",""
"-114.01","51.12","CALGARY INTL A","3031092","2017-07-22","2017","07","22","","28.8","","9.5","","19.2","","0.0","","1.2","","0.0","","0.0","","0.0","","","","28","","43",""
"-114.01","51.12","CALGARY INTL A","3031092","2017-07-23","2017","07","23","","30.5","E","13.9","E","22.2","E","0.0","E","4.2","E","0.4","","0.0","","0.4","","","","34","","83",""
"-114.01","51.12","CALGARY INTL A","3031092","2017-07-24","2017","07","24","","22.3","","6.2","","14.3","","3.7","","0.0","","0.6","","0.0","","0.6","","","","35","","72",""
"-114.01","51.12","CALGARY INTL A","3031092","2017-07-25","2017","07","25","","24.3","","7.7","","16.0","","2.0","","0.0","","0.0","","0.0","","0.0","","","","12","","32",""
"-114.01","51.12","CALGARY INTL A","3031092","2017-07-26","2017","07","26","","29.8","","10.6","","20.2","","0.0","","2.2","","0.0","","0.0","","0.0","","","","14","","33",""
"-114.01","51.12","CALGARY INTL A","3031092","2017-07-27","2017","07","27","","32.7","","11.7","","22.2","","0.0","","4.2","","0.0","","0.0","","0.0","","","","33","","59",""
"-114.01","51.12","CALGARY INTL A","3031092","2017-07-28","2017","07","28","","28.2","","14.6","","21.4","","0.0","","3.4","","0.0","","0.0","","0.0","","","","34","","59",""
"-114.01","51.12","CALGARY INTL A","3031092","2017-07-29","2017","07","29","","28.7","","9.9","","19.3","","0.0","","1.3","","0.0","","0.0","","0.0","","","","12","","39",""
"-114.01","51.12","CALGARY INTL A","3031092","2017-07-30","2017","07","30","","26.3","","11.9","","19.1","","0.0","","1.1","","0.0","","0.0","","0.0","","","","36","","44",""
"-114.01","51.12","CALGARY INTL A","3031092","2017-07-31","2017","07","31","","25.7","","10.5","","18.1","","0.0","","0.1","","0.0","T","0.0","","0.0","T","","","2","","41",""
"-114.01","51.12","CALGARY INTL A","3031092","2017-08-01","2017","08","01","","21.0","","11.7","","16.4","","1.6","","0.0","","1.8","","0.0","","1.8","","","","4","","37",""
"-114.01","51.12","CALGARY INTL A","3031092","2017-08-02","2017","08","02","","21.4","","11.6","","16.5","","1.5","","0.0","","0.0","","0.0","","0.0","","","","15","","41",""
"-114.01","51.12","CALGARY INTL A","3031092","2017-08-03","2017","08","03","","29.2","E","","M","","M","","M","","M","0.0","","0.0","","0.0","","","","11","","43",""
"-114.01","51.12","CALGARY INTL A","3031092","2017-08-04","2017","08","04","","19.7","","12.3","","16.0","","2.0","","0.0","","0.2","","0.0","","0.2","","","","35","","61",""
"-114.01","51.12","CALGARY INTL A","3031092","2017-08-05","2017","08","05","","20.1","","10.4","","15.3","","2.7","","0.0","","3.2","","0.0","","3.2","","","","1","","37",""
"-114.01","51.12","CALGARY INTL A","3031092","2017-08-06","2017","08","06","","25.4","","7.9","","16.7","","1.3","","0.0","","0.0","","0.0","","0.0","","","","13","","35",""
"-114.01","51.12","CALGARY INTL A","3031092","2017-08-07","2017","08","07","","25.8","","8.9","","17.4","","0.6","","0.0","","0.0","","0.0","","0.0","","","","36","","48",""
"-114.01","51.12","CALGARY INTL A","3031092","2017-08-08","2017","08","08","","21.9","","12.3","","17.1","","0.9","","0.0","","1.4","","0.0","","1.4","","","","","","<31",""
"-114.01","51.12","CALGARY INTL A","3031092","2017-08-09","2017","08","09","","26.3","","8.9","","17.6","","0.4","","0.0","","0.6","","0.0","","0.6","","","","28","","41",""
"-114.01","51.12","CALGARY INTL A","3031092","2017-08-10","2017","08","10","","27.0","","10.3","","18.7","","0.0","","0.7","","1.8","","0.0","","1.8","","","","1","","35",""
"-114.01","51.12","CALGARY INTL A","3031092","2017-08-11","2017","08","11","","25.5","","11.9","","18.7","","0.0","","0.7","","0.6","","0.0","","0.6","","","","","","<31",""
"-114.01","51.12","CALGARY INTL A","3031092","2017-08-12","2017","08","12","","28.6","","10.8","","19.7","","0.0","","1.7","","0.0","","0.0","","0.0","","","","16","","50",""
"-114.01","51.12","CALGARY INTL A","3031092","2017-08-13","2017","08","13","","30.5","","11.6","","21.1","","0.0","","3.1","","1.6","","0.0","","1.6","","","","30","","54",""
"-114.01","51.12","CALGARY INTL A","3031092","2017-08-14","2017","08","14","","19.3","","9.6","","14.5","","3.5","","0.0","","19.0","","0.0","","19.0","","","","30","","57",""
"-114.01","51.12","CALGARY INTL A","3031092","2017-08-15","2017","08","15","","21.1","","6.9","","14.0","","4.0","","0.0","","0.0","T","0.0","","0.0","T","","","","","<31",""
"-114.01","51.12","CALGARY INTL A","3031092","2017-08-16","2017","08","16","","26.4","","7.5","","17.0","","1.0","","0.0","","0.0","","0.0","","0.0","","","","30","","39",""
"-114.01","51.12","CALGARY INTL A","3031092","2017-08-17","2017","08","17","","25.3","","10.3","","17.8","","0.2","","0.0","","0.0","","0.0","","0.0","","","","","","<31",""
"-114.01","51.12","CALGARY INTL A","3031092","2017-08-18","2017","08","18","","28.8","","8.8","","18.8","","0.0","","0.8","","0.0","","0.0","","0.0","","","","35","","57",""
"-114.01","51.12","CALGARY INTL A","3031092","2017-08-19","2017","08","19","","19.1","","9.9","","14.5","","3.5","","0.0","","0.0","","0.0","","0.0","","","","35","","57",""
"-114.01","51.12","CALGARY INTL A","3031092","2017-08-20","2017","08","20","","20.4","","6.7","","13.6","","4.4","","0.0","","0.0","T","0.0","","0.0","T","","","22","","33",""
"-114.01","51.12","CALGARY INTL A","3031092","2017-08-21","2017","08","21","","22.1","","5.5","","13.8","","4.2","","0.0","","0.0","","0.0","","0.0","","","","17","","37",""
"-114.01","51.12","CALGARY INTL A","3031092","2017-08-22","2017","08","22","","27.6","","8.7","","18.2","","0.0","","0.2","","0.0","","0.0","","0.0","","","","","","<31",""
"-114.01","51.12","CALGARY INTL A","3031092","2017-08-23","2017","08","23","","31.1","","10.0","","20.6","","0.0","","2.6","","0.0","","0.0","","0.0","","","","12","","35",""
"-114.01","51.12","CALGARY INTL A","3031092","2017-08-24","2017","08","24","","28.5","","10.8","","19.7","","0.0","","1.7","","0.0","T","0.0","","0.0","T","","","34","","70",""
"-114.01","51.12","CALGARY INTL A","3031092","2017-08-25","2017","08","25","","23.2","","6.2","","14.7","","3.3","","0.0","","0.6","","0.0","","0.6","","","","","","<31",""
"-114.01","51.12","CALGARY INTL A","3031092","2017-08-26","2017","08","26","","25.8","","7.4","","16.6","","1.4","","0.0","","0.0","","0.0","","0.0","","","","15","","32",""
"-114.01","51.12","CALGARY INTL A","3031092","2017-08-27","2017","08","27","","31.1","","9.3","","20.2","","0.0","","2.2","","0.0","","0.0","","0.0","","","","12","","37",""
"-114.01","51.12","CALGARY INTL A","3031092","2017-08-28","2017","08","28","","28.0","","12.7","","20.4","","0.0","","2.4","","0.0","","0.0","","0.0","","","","34","","43",""
"-114.01","51.12","CALGARY INTL A","3031092","2017-08-29","2017","08","29","","25.6","","9.8","","17.7","","0.3","","0.0","","0.0","","0.0","","0.0","","","","16","","32",""
"-114.01","51.12","CALGARY INTL A","3031092","2017-08-30","2017","08","30","","33.0","","10.6","","21.8","","0.0","","3.8","","0.0","","0.0","","0.0","","","","23","","39",""
"-114.01","51.12","CALGARY INTL A","3031092","2017-08-31","2017","08","31","","26.5","","14.1","","20.3","","0.0","","2.3","","0.0","","0.0","","0.0","","","","35","","41",""
"-114.01","51.12","CALGARY INTL A","3031092","2017-09-01","2017","09","01","","27.0","","9.4","","18.2","","0.0","","0.2","","0.0","","0.0","","0.0","","","","1","","35",""
"-114.01","51.12","CALGARY INTL A","3031092","2017-09-02","2017","09","02","","32.0","","8.5","","20.3","","0.0","","2.3","","0.0","","0.0","","0.0","","","","32","","76",""
"-114.01","51.12","CALGARY INTL A","3031092","2017-09-03","2017","09","03","","20.9","","11.0","","16.0","","2.0","","0.0","","0.2","","0.0","","0.2","","","","2","","59",""
"-114.01","51.12","CALGARY INTL A","3031092","2017-09-04","2017","09","04","","20.9","","10.9","","15.9","","2.1","","0.0","","0.0","","0.0","","0.0","","","","","","<31",""
"-114.01","51.12","CALGARY INTL A","3031092","2017-09-05","2017","09","05","","26.7","","6.6","","16.7","","1.3","","0.0","","0.0","","0.0","","0.0","","","","16","","33",""
"-114.01","51.12","CALGARY INTL A","3031092","2017-09-06","2017","09","06","","29.9","","8.1","","19.0","","0.0","","1.0","","0.0","","0.0","","0.0","","","","","","<31",""
"-114.01","51.12","CALGARY INTL A","3031092","2017-09-07","2017","09","07","","30.9","","9.0","","20.0","","0.0","","2.0","","0.0","","0.0","","0.0","","","","17","","39",""
"-114.01","51.12","CALGARY INTL A","3031092","2017-09-08","2017","09","08","","25.9","","12.1","","19.0","","0.0","","1.0","","0.0","","0.0","","0.0","","","","1","","41",""
"-114.01","51.12","CALGARY INTL A","3031092","2017-09-09","2017","09","09","","27.8","","7.8","","17.8","","0.2","","0.0","","0.0","","0.0","","0.0","","","","34","","41",""
"-114.01","51.12","CALGARY INTL A","3031092","2017-09-10","2017","09","10","","23.0","","8.7","","15.9","","2.1","","0.0","","0.0","","0.0","","0.0","","","","26","","48",""
"-114.01","51.12","CALGARY INTL A","3031092","2017-09-11","2017","09","11","","29.1","","8.2","","18.7","","0.0","","0.7","","0.0","","0.0","","0.0","","","","28","","41",""
"-114.01","51.12","CALGARY INTL A","3031092","2017-09-12","2017","09","12","","20.5","","7.1","","13.8","","4.2","","0.0","","1.2","","0.0","","1.2","","","","35","","52",""
"-114.01","51.12","CALGARY INTL A","3031092","2017-09-13","2017","09","13","","8.1","","4.8","","6.5","","11.5","","0.0","","7.7","","0.0","","7.7","","","","34","","52",""
"-114.01","51.12","CALGARY INTL A","3031092","2017-09-14","2017","09","14","","9.5","","3.1","","6.3","","11.7","","0.0","","4.0","","0.0","","4.0","","","","1","","33",""
"-114.01","51.12","CALGARY INTL A","3031092","2017-09-15","2017","09","15","","8.8","E","","M","","M","","M","","M","0.8","","0.0","","0.8","","","","9","","32",""
"-114.01","51.12","CALGARY INTL A","3031092","2017-09-16","2017","09","16","","15.0","","-0.4","","7.3","","10.7","","0.0","","0.0","","0.0","","0.0","","","","16","","41",""
"-114.01","51.12","CALGARY INTL A","3031092","2017-09-17","2017","09","17","","18.3","","-0.2","","9.1","","8.9","","0.0","","0.0","","0.0","","0.0","","","","15","","39",""
"-114.01","51.12","CALGARY INTL A","3031092","2017-09-18","2017","09","18","","18.0","","4.6","","11.3","","6.7","","0.0","","0.0","","0.0","","0.0","","","","28","","61",""
"-114.01","51.12","CALGARY INTL A","3031092","2017-09-19","2017","09","19","","13.8","","1.5","","7.7","","10.3","","0.0","","0.0","","0.0","","0.0","","","","27","","46",""
"-114.01","51.12","CALGARY INTL A","3031092","2017-09-20","2017","09","20","","8.7","","0.7","","4.7","","13.3","","0.0","","0.4","","0.0","","0.4","","","","34","","50",""
"-114.01","51.12","CALGARY INTL A","3031092","2017-09-21","2017","09","21","","3.7","","1.4","","2.6","","15.4","","0.0","","4.6","","0.0","T","4.6","","","","32","","52",""
"-114.01","51.12","CALGARY INTL A","3031092","2017-09-22","2017","09","22","","6.8","","1.0","","3.9","","14.1","","0.0","","0.6","","0.0","T","0.6","","","","","","<31",""
"-114.01","51.12","CALGARY INTL A","3031092","2017-09-23","2017","09","23","","11.2","","1.4","","6.3","","11.7","","0.0","","0.0","","0.0","","0.0","","","","","","<31",""
"-114.01","51.12","CALGARY INTL A","3031092","2017-09-24","2017","09","24","","16.6","","1.5","","9.1","","8.9","","0.0","","0.0","","0.0","","0.0","","","","","","<31",""
"-114.01","51.12","CALGARY INTL A","3031092","2017-09-25","2017","09","25","","19.7","E","","M","","M","","M","","M","0.0","","0.0","","0.0","","","","","","<31",""
"-114.01","51.12","CALGARY INTL A","3031092","2017-09-26","2017","09","26","","19.8","","9.3","","14.6","","3.4","","0.0","","0.0","","0.0","","0.0","","","","","","<31",""
"-114.01","51.12","CALGARY INTL A","3031092","2017-09-27","2017","09","27","","21.2","","6.1","","13.7","","4.3","","0.0","","0.0","","0.0","","0.0","","","","","","<31",""
"-114.01","51.12","CALGARY INTL A","3031092","2017-09-28","2017","09","28","","23.6","","4.4","","14.0","","4.0","","0.0","","0.0","","0.0","","0.0","","","","17","","46",""
"-114.01","51.12","CALGARY INTL A","3031092","2017-09-29","2017","09","29","","24.9","","4.0","","14.5","","3.5","","0.0","","0.0","","0.0","","0.0","","","","","","<31",""
"-114.01","51.12","CALGARY INTL A","3031092","2017-09-30","2017","09","30","","15.6","","5.7","","10.7","","7.3","","0.0","","0.8","","0.0","","0.8","","","","34","","54",""
"-114.01","51.12","CALGARY INTL A","3031092","2017-10-01","2017","10","01","","12.0","","2.8","","7.4","","10.6","","0.0","","0.0","T","0.0","","0.0","T","","","35","","72",""
"-114.01","51.12","CALGARY INTL A","3031092","2017-10-02","2017","10","02","","3.4","","-1.4","","1.0","","17.0","","0.0","","1.6","","1.0","","2.6","","1","","34","","82",""
"-114.01","51.12","CALGARY INTL A","3031092","2017-10-03","2017","10","03","","8.0","","-5.2","","1.4","","16.6","","0.0","","0.0","","0.0","","0.0","","2","","35","","50",""
"-114.01","51.12","CALGARY INTL A","3031092","2017-10-04","2017","10","04","","13.3","","-2.1","","5.6","","12.4","","0.0","","0.0","","0.0","","0.0","","","","","","<31",""
"-114.01","51.12","CALGARY INTL A","3031092","2017-10-05","2017","10","05","","17.9","","-0.8","","8.6","","9.4","","0.0","","0.0","","0.0","","0.0","","","","","","<31",""
"-114.01","51.12","CALGARY INTL A","3031092","2017-10-06","2017","10","06","","19.0","","4.9","","12.0","","6.0","","0.0","","0.0","","0.0","","0.0","","","","27","","52",""
"-114.01","51.12","CALGARY INTL A","3031092","2017-10-07","2017","10","07","","12.2","","2.6","","7.4","","10.6","","0.0","","0.4","","0.0","","0.4","","","","31","","54",""
"-114.01","51.12","CALGARY INTL A","3031092","2017-10-08","2017","10","08","","9.5","","-1.2","","4.2","","13.8","","0.0","","0.0","","0.0","","0.0","","","","34","","61",""
"-114.01","51.12","CALGARY INTL A","3031092","2017-10-09","2017","10","09","","13.8","E","","M","","M","","M","","M","0.0","","0.0","","0.0","","","","28","","56",""
"-114.01","51.12","CALGARY INTL A","3031092","2017-10-10","2017","10","10","","9.6","","2.3","","6.0","","12.0","","0.0","","0.0","","0.0","","0.0","","","","34","","32",""
"-114.01","51.12","CALGARY INTL A","3031092","2017-10-11","2017","10","11","","3.5","","-1.5","","1.0","","17.0","","0.0","","0.0","","0.0","T","0.0","T","","","34","","43",""
"-114.01","51.12","CALGARY INTL A","3031092","2017-10-12","2017","10","12","","3.2","","-2.7","","0.3","","17.7","","0.0","","0.0","","0.4","","0.4","","","","","","<31",""
"-114.01","51.12","CALGARY INTL A","3031092","2017-10-13","2017","10","13","","1.6","","-3.3","","-0.9","","18.9","","0.0","","0.0","","0.0","T","0.0","T","","","","","<31",""
"-114.01","51.12","CALGARY INTL A","3031092","2017-10-14","2017","10","14","","10.7","","-6.2","","2.3","","15.7","","0.0","","0.0","","0.0","","0.0","","","","27","","67",""
"-114.01","51.12","CALGARY INTL A","3031092","2017-10-15","2017","10","15","","16.2","","1.6","","8.9","","9.1","","0.0","","0.0","","0.0","","0.0","","","","28","","67",""
"-114.01","51.12","CALGARY INTL A","3031092","2017-10-16","2017","10","16","","19.9","","5.8","","12.9","","5.1","","0.0","","0.0","","0.0","","0.0","","","","28","","54",""
"-114.01","51.12","CALGARY INTL A","3031092","2017-10-17","2017","10","17","","21.4","","-0.7","","10.4","","7.6","","0.0","","1.0","","0.0","","1.0","","","","27","","91",""
"-114.01","51.12","CALGARY INTL A","3031092","2017-10-18","2017","10","18","","11.6","","-0.9","","5.4","","12.6","","0.0","","0.0","","0.0","","0.0","","","","27","","39",""
"-114.01","51.12","CALGARY INTL A","3031092","2017-10-19","2017","10","19","","17.0","","1.4","","9.2","","8.8","","0.0","","0.0","","0.0","","0.0","","","","20","","43",""
"-114.01","51.12","CALGARY INTL A","3031092","2017-10-20","2017","10","20","","9.3","","0.8","","5.1","","12.9","","0.0","","0.6","","0.0","","0.6","","","","32","","70",""
"-114.01","51.12","CALGARY INTL A","3031092","2017-10-21","2017","10","21","","10.2","","-4.0","","3.1","","14.9","","0.0","","0.0","","0.0","","0.0","","","","27","","41",""
"-114.01","51.12","CALGARY INTL A","3031092","2017-10-22","2017","10","22","","13.4","","-1.5","","6.0","","12.0","","0.0","","0.0","","0.0","","0.0","","","","30","","72",""
"-114.01","51.12","CALGARY INTL A","3031092","2017-10-23","2017","10","23","","12.8","E","","M","","M","","M","","M","0.0","","0.0","","0.0","","","","27","","59",""
"-114.01","51.12","CALGARY INTL A","3031092","2017-10-24","2017","10","24","","16.6","","6.1","","11.4","","6.6","","0.0","","0.0","","0.0","","0.0","","","","27","","70",""
"-114.01","51.12","CALGARY INTL A","3031092","2017-10-25","2017","10","25","","","M","7.7","E","","M","","M","","M","","M","","","","M","","","","M","","M"
"-114.01","51.12","CALGARY INTL A","3031092","2017-10-26","2017","10","26","","5.3","","-5.1","","0.1","","17.9","","0.0","","0.0","","0.0","","0.0","","","","17","","46",""
"-114.01","51.12","CALGARY INTL A","3031092","2017-10-27","2017","10","27","","16.5","","-0.7","","7.9","","10.1","","0.0","","0.0","","0.0","","0.0","","","","32","","32",""
"-114.01","51.12","CALGARY INTL A","3031092","2017-10-28","2017","10","28","","24.1","","4.2","","14.2","","3.8","","0.0","","1.2","","0.0","","1.2","","","","35","","63",""
"-114.01","51.12","CALGARY INTL A","3031092","2017-10-29","2017","10","29","","5.8","","-1.0","","2.4","","15.6","","0.0","","0.6","","0.0","","0.6","","","","33","","69",""
"-114.01","51.12","CALGARY INTL A","3031092","2017-10-30","2017","10","30","","8.1","","-6.0","","1.1","","16.9","","0.0","","0.0","","0.0","","0.0","","","","","","<31",""
"-114.01","51.12","CALGARY INTL A","3031092","2017-10-31","2017","10","31","","5.5","","-2.5","","1.5","","16.5","","0.0","","7.2","","0.0","T","7.2","","","","33","","44",""
"-114.01","51.12","CALGARY INTL A","3031092","2017-11-01","2017","11","01","","2.8","","-5.7","","-1.5","","19.5","","0.0","","0.0","","2.2","","1.8","","2","","35","","72",""
"-114.01","51.12","CALGARY INTL A","3031092","2017-11-02","2017","11","02","","-4.9","","-13.6","","-9.3","","27.3","","0.0","","0.0","","6.0","","5.4","","1","","36","","43",""
"-114.01","51.12","CALGARY INTL A","3031092","2017-11-03","2017","11","03","","-12.8","","-16.3","","-14.6","","32.6","","0.0","","0.0","","6.6","","6.8","","8","","34","","39",""
"-114.01","51.12","CALGARY INTL A","3031092","2017-11-04","2017","11","04","","-11.9","","-18.9","","-15.4","","33.4","","0.0","","","M","2.2","","0.9","","11","","","","<31",""
"-114.01","51.12","CALGARY INTL A","3031092","2017-11-05","2017","11","05","","-8.5","","-14.2","","-11.4","","29.4","","0.0","","0.0","","0.4","","0.4","","10","","34","","37",""
"-114.01","51.12","CALGARY INTL A","3031092","2017-11-06","2017","11","06","","-8.0","","-18.1","","-13.1","","31.1","","0.0","","0.0","","0.0","","0.0","","10","","","","<31",""
"-114.01","51.12","CALGARY INTL A","3031092","2017-11-07","2017","11","07","","","M","-15.2","E","","M","","M","","M","","M","","","","M","9","","","M","","M"
"-114.01","51.12","CALGARY INTL A","3031092","2017-11-08","2017","11","08","","","M","-11.1","E","","M","","M","","M","0.0","","0.0","T","0.0","T","7","","","","<31",""
"-114.01","51.12","CALGARY INTL A","3031092","2017-11-09","2017","11","09","","-4.3","","-16.0","","-10.2","","28.2","","0.0","","0.0","","0.6","","0.6","","7","","16","","44",""
"-114.01","51.12","CALGARY INTL A","3031092","2017-11-10","2017","11","10","","1.0","","-4.8","","-1.9","","19.9","","0.0","","","M","3.0","","3.8","","8","","35","","32",""
"-114.01","51.12","CALGARY INTL A","3031092","2017-11-11","2017","11","11","","5.2","","-5.5","","-0.2","","18.2","","0.0","","0.0","","0.0","","0.0","","7","","","","<31",""
"-114.01","51.12","CALGARY INTL A","3031092","2017-11-12","2017","11","12","","5.3","","-5.3","","0.0","","18.0","","0.0","","0.0","","0.0","","0.0","","","","","","<31",""
"-114.01","51.12","CALGARY INTL A","3031092","2017-11-13","2017","11","13","","8.8","","-7.8","","0.5","","17.5","","0.0","","0.0","","0.0","","0.0","","5","","22","","44",""
"-114.01","51.12","CALGARY INTL A","3031092","2017-11-14","2017","11","14","","1.6","","-11.2","","-4.8","","22.8","","0.0","","0.0","","0.3","","0.2","","5","","17","","39",""
"-114.01","51.12","CALGARY INTL A","3031092","2017-11-15","2017","11","15","","-5.1","","-9.5","","-7.3","","25.3","","0.0","","","M","0.5","","0.4","","5","","17","","32",""
"-114.01","51.12","CALGARY INTL A","3031092","2017-11-16","2017","11","16","","-7.8","","-14.4","","-11.1","","29.1","","0.0","","","M","3.7","","3.4","","5","","36","","41",""
"-114.01","51.12","CALGARY INTL A","3031092","2017-11-17","2017","11","17","","-12.2","","-18.2","","-15.2","","33.2","","0.0","","","M","1.5","","0.6","","9","","","","<31",""
"-114.01","51.12","CALGARY INTL A","3031092","2017-11-18","2017","11","18","","5.2","","-15.4","","-5.1","","23.1","","0.0","","0.0","","0.0","","0.0","","10","","25","","56",""
"-114.01","51.12","CALGARY INTL A","3031092","2017-11-19","2017","11","19","","7.5","","-1.1","","3.2","","14.8","","0.0","","0.0","","0.0","","0.0","","7","","25","","74",""
"-114.01","51.12","CALGARY INTL A","3031092","2017-11-20","2017","11","20","","4.7","","-10.8","","-3.1","","21.1","","0.0","","0.0","","0.4","","0.4","","5","","2","","65",""
"-114.01","51.12","CALGARY INTL A","3031092","2017-11-21","2017","11","21","","-7.6","","-11.8","","-9.7","","27.7","","0.0","","0.0","","0.0","T","0.0","T","5","","","","<31",""
"-114.01","51.12","CALGARY INTL A","3031092","2017-11-22","2017","11","22","","12.8","","-9.4","","1.7","","16.3","","0.0","","0.0","","0.0","","0.0","","4","","","","<31",""
"-114.01","51.12","CALGARY INTL A","3031092","2017-11-23","2017","11","23","","13.1","","-0.9","","6.1","","11.9","","0.0","","0.0","T","0.0","","0.0","T","4","","26","","56",""
"-114.01","51.12","CALGARY INTL A","3031092","2017-11-24","2017","11","24","","8.0","","0.8","","4.4","","13.6","","0.0","","0.0","","0.0","","0.0","","2","","28","","59",""
"-114.01","51.12","CALGARY INTL A","3031092","2017-11-25","2017","11","25","","9.6","","-0.7","","4.5","","13.5","","0.0","","0.0","","0.0","","0.0","","2","","26","","59",""
"-114.01","51.12","CALGARY INTL A","3031092","2017-11-26","2017","11","26","","14.6","","-4.8","","4.9","","13.1","","0.0","","0.0","","0.0","","0.0","","1","","19","","61",""
"-114.01","51.12","CALGARY INTL A","3031092","2017-11-27","2017","11","27","","9.0","","-2.6","","3.2","","14.8","","0.0","","0.0","T","0.0","","0.0","T","1","","27","","74",""
"-114.01","51.12","CALGARY INTL A","3031092","2017-11-28","2017","11","28","","6.6","","-5.1","","0.8","","17.2","","0.0","","0.0","","0.0","","0.0","","","","25","","44",""
"-114.01","51.12","CALGARY INTL A","3031092","2017-11-29","2017","11","29","","7.0","","1.6","","4.3","","13.7","","0.0","","0.0","","0.0","","0.0","","0","T","28","","59",""
"-114.01","51.12","CALGARY INTL A","3031092","2017-11-30","2017","11","30","","7.5","","0.5","","4.0","","14.0","","0.0","","0.0","","0.0","","0.0","","0","T","28","","63",""
"-114.01","51.12","CALGARY INTL A","3031092","2017-12-01","2017","12","01","","7.0","","-4.6","","1.2","","16.8","","0.0","","0.0","","0.0","","0.0","","0","T","28","","46",""
"-114.01","51.12","CALGARY INTL A","3031092","2017-12-02","2017","12","02","","5.3","","-8.4","","-1.6","","19.6","","0.0","","0.0","","0.0","","0.0","","0","T","33","","46",""
"-114.01","51.12","CALGARY INTL A","3031092","2017-12-03","2017","12","03","","-2.0","","-9.2","","-5.6","","23.6","","0.0","","0.0","","0.0","","0.0","","0","T","0","","41",""
"-114.01","51.12","CALGARY INTL A","3031092","2017-12-04","2017","12","04","","1.8","E","","M","","M","","M","","M","0.0","","0.0","","0.0","","0","T","28","","41",""
"-114.01","51.12","CALGARY INTL A","3031092","2017-12-05","2017","12","05","","5.8","","-2.8","","1.5","","16.5","","0.0","","0.0","","0.0","","0.0","","","","34","","65",""
"-114.01","51.12","CALGARY INTL A","3031092","2017-12-06","2017","12","06","","4.9","","-6.2","","-0.7","","18.7","","0.0","","0.0","","0.0","","0.0","","","","32","","33",""
"-114.01","51.12","CALGARY INTL A","3031092","2017-12-07","2017","12","07","","13.6","","-3.0","","5.3","","12.7","","0.0","","0.0","","0.0","","0.0","","","","30","","33",""
"-114.01","51.12","CALGARY INTL A","3031092","2017-12-08","2017","12","08","","15.2","","-5.2","","5.0","","13.0","","0.0","","0.0","","0.0","","0.0","","0","T","26","","35",""
"-114.01","51.12","CALGARY INTL A","3031092","2017-12-09","2017","12","09","","15.4","","2.5","","9.0","","9.0","","0.0","","0.0","","0.0","","0.0","","","","27","","39",""
"-114.01","51.12","CALGARY INTL A","3031092","2017-12-10","2017","12","10","","13.7","","-1.0","","6.4","","11.6","","0.0","","0.0","","0.0","","0.0","","","","28","","56",""
"-114.01","51.12","CALGARY INTL A","3031092","2017-12-11","2017","12","11","","10.2","E","","M","","M","","M","","M","0.0","","0.0","","0.0","","","","","","<31",""
"-114.01","51.12","CALGARY INTL A","3031092","2017-12-12","2017","12","12","","12.9","","-1.3","","5.8","","12.2","","0.0","","0.0","","0.0","","0.0","","","","27","","54",""
"-114.01","51.12","CALGARY INTL A","3031092","2017-12-13","2017","12","13","","6.9","","-3.3","","1.8","","16.2","","0.0","","0.0","","0.0","","0.0","","","","33","","48",""
"-114.01","51.12","CALGARY INTL A","3031092","2017-12-14","2017","12","14","","5.7","","-6.0","","-0.2","","18.2","","0.0","","0.0","","0.0","","0.0","","","","","","<31",""
"-114.01","51.12","CALGARY INTL A","3031092","2017-12-15","2017","12","15","","10.0","","-2.2","","3.9","","14.1","","0.0","","0.0","","0.0","","0.0","","","","28","","54",""
"-114.01","51.12","CALGARY INTL A","3031092","2017-12-16","2017","12","16","","2.3","","-6.3","","-2.0","","20.0","","0.0","","0.0","","0.0","","0.0","","","","","","<31",""
"-114.01","51.12","CALGARY INTL A","3031092","2017-12-17","2017","12","17","","6.7","","-7.2","","-0.3","","18.3","","0.0","","0.0","","0.0","","0.0","","","","28","","63",""
"-114.01","51.12","CALGARY INTL A","3031092","2017-12-18","2017","12","18","","2.8","","-9.9","","-3.6","","21.6","","0.0","","0.0","","0.4","","0.4","","0","T","2","","37",""
"-114.01","51.12","CALGARY INTL A","3031092","2017-12-19","2017","12","19","","-6.0","","-10.8","","-8.4","","26.4","","0.0","","0.0","","8.4","","8.6","","0","T","9","","32",""
"-114.01","51.12","CALGARY INTL A","3031092","2017-12-20","2017","12","20","","-9.1","","-16.7","","-12.9","","30.9","","0.0","","0.0","","7.4","","7.0","","15","","","","<31",""
"-114.01","51.12","CALGARY INTL A","3031092","2017-12-21","2017","12","21","","-3.9","","-15.5","","-9.7","","27.7","","0.0","","0.0","","1.0","","0.6","","16","","1","","41",""
"-114.01","51.12","CALGARY INTL A","3031092","2017-12-22","2017","12","22","","-9.1","","-17.5","","-13.3","","31.3","","0.0","","0.0","","0.8","","0.8","","15","","32","","32",""
"-114.01","51.12","CALGARY INTL A","3031092","2017-12-23","2017","12","23","","-6.2","","-15.2","","-10.7","","28.7","","0.0","","0.0","","1.2","","1.2","","15","","32","","50",""
"-114.01","51.12","CALGARY INTL A","3031092","2017-12-24","2017","12","24","","-10.3","","-19.6","","-15.0","","33.0","","0.0","","","M","1.0","","0.8","","11","","35","","39",""
"-114.01","51.12","CALGARY INTL A","3031092","2017-12-25","2017","12","25","","-17.2","","-27.8","","-22.5","","40.5","","0.0","","","M","0.7","","0.6","","12","","","","<31",""
"-114.01","51.12","CALGARY INTL A","3031092","2017-12-26","2017","12","26","","-20.4","","-29.9","","-25.2","","43.2","","0.0","","0.0","","0.0","T","0.0","T","8","","","","<31",""
"-114.01","51.12","CALGARY INTL A","3031092","2017-12-27","2017","12","27","","-18.4","","-25.5","","-22.0","","40.0","","0.0","","0.0","","0.0","T","0.0","T","7","","36","","41",""
"-114.01","51.12","CALGARY INTL A","3031092","2017-12-28","2017","12","28","","-16.4","","-28.2","","-22.3","","40.3","","0.0","","0.0","","2.3","","2.2","","9","","","","<31",""
"-114.01","51.12","CALGARY INTL A","3031092","2017-12-29","2017","12","29","","-21.3","","-25.4","","-23.4","","41.4","","0.0","","","M","1.2","","1.1","","11","","17","","32",""
"-114.01","51.12","CALGARY INTL A","3031092","2017-12-30","2017","12","30","","-25.2","","-28.7","","-27.0","","45.0","","0.0","","0.0","","7.8","","7.6","","12","","15","","37",""
"-114.01","51.12","CALGARY INTL A","3031092","2017-12-31","2017","12","31","","-25.0","","-31.3","","-28.2","","46.2","","0.0","","0.0","T","0.0","","0.0","T","19","","17","","32",""
